{"stat.useItem.minecraft.iron_bars":8,"stat.walkOneCm":28144,"stat.useItem.immersiveengineering.connector":13,"stat.useItem.immersiveengineering.metal_decoration0":1,"stat.jump":30,"stat.swimOneCm":1235,"stat.useItem.modularmachinery.itemblueprint":8,"stat.crouchOneCm":1159,"stat.useItem.modularmachinery.blockfluidoutputhatch":9,"stat.sprintOneCm":2170,"stat.useItem.minecraft.stone_slab2":70,"stat.useItem.modularmachinery.blockcontroller":1,"stat.useItem.minecraft.water_bucket":1,"stat.pickup.minecraft.iron_ore":64,"stat.useItem.minecraft.glass":1,"stat.useItem.alternatingflux.connector":17,"stat.useItem.immersiveengineering.wirecoil":22,"stat.useItem.minecraft.iron_block":8,"stat.pickup.modularmachinery.itemblueprint":1,"stat.flyOneCm":151146,"stat.useItem.immersiveposts.fence_iron":1,"stat.playOneMinute":155438,"stat.pickup.immersiveengineering.wirecoil":3,"stat.useItem.alternatingflux.wirecoil":30,"stat.sneakTime":590,"stat.useItem.immersiveengineering.wooden_device1":1,"stat.useItem.immersiveengineering.metal_device0":2,"stat.useItem.immersiveengineering.metal_device1":1,"stat.pickup.immersiveengineering.connector":1,"stat.timeSinceDeath":155438}